,comment,clean_text,sentimen
0,Mending keluarin Suzuki Fronx,mending keluar suzuki fronx,Netral
1,"lah itu layar dashboardnya aja nutupin kaca depan, mmg sih masih konsep",layar dashboardnya nutupin kaca sih konsep,Netral
2,Ignis crosðŸŽ‰,ignis cros,Netral
3,Ini beberapa harga om? 1:38,harga om,Netral
4,"Kelamaan, mobil Tiongkok udah banjir di sini, ini masih konsep2 aja. Padahal Toyota udah mulai produksi dari kemarin2",mobil tiongkok banjir konsep toyota produksi kemarin,Negatif
5,Bukan mpv ya.. mn bisa lawan m6 bydðŸ˜‚,mpv ya lawan m byd,Negatif
6,"Pesan pertama buat SUZUKI, kalau memang mobil ini mau di jual di Indonesia, siapkan atau tersediakan spare partnya! Jangan kayak Hybridnya, beli Aki buat Hybrid aja perlu indent 2 - 3 bulan buset deh!",pesan suzuki mobil jual indonesia siap sedia spare partnya hybridnya beli aki hybrid indent buset deh,Positif
7,04:29 susah banget buka pintunya,susah banget buka pintu,Negatif
8,Yang pasti selama infrastruktur dan ekosistem ev di Indonesia belum berkembang belum menarik untuk menggunakan ev sebagai daily driver kecuali buat mereka yang fomo dan punya duit lebih,infrastruktur ekosistem ev indonesia kembang tarik ev daily driver kecuali fomo duit,Netral
9,"langsung ke 7 seater aja.. ev tembus 600km tapi harga di 350-450jt, dijamin laris krn bisa dipakai mudik.",langsung seater ev tembus harga jt jamin laris pakai mudik,Netral
10,"Iterior boleh berubah tapi eksterior jangan. EVX sudah lumayan dapat perhatian karena designnya cukup menarik. Masalah harga, silahkan komparasi dengan mobil produk China yang setera.",iterior ubah eksterior evx lumayan perhati designnya tarik harga silah komparasi mobil produk china tera,Netral
11,"Toyota aja gagal di EV, apalagi pabrikan kecil macam Suzuki. Dulu model Suzuki itu bagus, sempat punya Swift juga. Brand new di tahun 2006. Desain Eropa. Swift yang sekarang, astaga. My next EV will be Chinese Inshallah. BYD Seal.",toyota gagal ev pabrikan suzuki model suzuki bagus swift brand new desain eropa swift astaga my next ev will be chinese inshallah byd seal,Netral
12,bused bantai ?? kata2nya min walah,bused bantai nya min walah,Negatif
13,"Jika Suzuki siap membantai mobil China, maka siap turun harga seharga mobil China",suzuki bantai mobil china turun harga harga mobil china,Negatif
14,"Ngeri mobilnya ,wah banget ,gak cocok di saya ,saya hanya tukang baso kelililng",ngeri mobil banget cocok tukang baso kelililng,Netral
15,mobil konsep sijuki keren2 tp pas masuk produksi juelekðŸ˜‚ðŸ¤£,mobil konsep sijuki keren pas masuk produksi juelek,Positif
16,"Intinya tunggu aja, beneran kaya gini apa engga ðŸ˜‚",inti tunggu beneran kaya,Netral
17,Hahaha gak akan terealisasiðŸ˜…,hahaha realisasi,Netral
18,"Keren,manteeebbb,
Yg norak cuma Velgnya",keren manteeebbb norak velgnya,Netral
20,nanti sampai kampung repot nge charge dimana,kampung repot nge charge mana,Negatif
21,sizuki mimpi aja lah. selama kiblatnya ke india,sizuki mimpi kiblat india,Netral
23,Suzuki klo mobil nya laris dihadang ama salesnya dengan menaikan harga... TRAGEDI JIMNY,suzuki mobil nya laris dihadang salesnya naik harga tragedi jimny,Negatif
24,N...I...C....E.....!!!!!!!!!,n i c e,Netral
25,Mobil suzuki ev konsep akan siap melibas mobil2 ev China yg sudah berulangkali diupgrade.?,mobil suzuki ev konsep libas mobil ev china berulangkali diupgrade,Netral
26,hmm.,hmm,Netral
27,"Suzuki itu klo mobil konsepnya cakep bner, tpi klo udh kluar biasanya selera prindavan ðŸ˜­",suzuki mobil konsep cakep selera prindavan,Positif
28,Next tukar tambah sama xl 7,next tukar xl,Netral
29,Om bahas jetour x70 plus,om bahas jetour x plus,Netral
30,"sayang masih konsep, mobil cina sdh banjir...",sayang konsep mobil cina banjir,Netral
31,Ahh baru concept rilisnya jauhðŸ˜‚ðŸ˜‚ðŸ˜‚,ahh konsep rilis,Netral
32,Headunit nya ganggu pandangan banget seperti nya,headunit nya ganggu pandang banget nya,Negatif
33,Kayaknya ini bukan bikinan Suzuki India deh..,kayak bikin suzuki india deh,Netral
34,"paling yg diproduksi mobil kaya espreso, udah apal modus2 susuki wkwkwk",produksi mobil kaya espreso apal modus susuk wkwkwk,Negatif
35,Start from 450 juta kayaknya,start juta kayak,Netral
36,Gua suka mobil kekinian yang desainya mengkotak,suka mobil kini desa kotak,Positif
37,Mobil india vs mobil china,mobil india vs mobil china,Netral
38,Kereeeeennn â¤,kereeeeennn,Netral
39,"Tolong bawa designer suzuki tahun 2008-2015, jaman sx4, swift, grand vitara",tolong bawa designer suzuki jaman sx swift grand vitara,Netral
40,Review Mazda cx 60 pro dong.,tinjau mazda cx pro,Netral
41,Suzuki yakin bisa hajar mobil listrik China..? Dari segi harga saja tdk mungkin....ðŸ˜‚ðŸ˜‚ðŸ˜‚ðŸ˜‚,suzuki hajar mobil listrik china segi harga,Negatif
42,"Selama desainnya versi frindavan ya mustahil, yg sekarang aja jelek2ðŸ˜‚",desain versi frindavan ya mustahil jelek,Negatif
43,"Suzuki mulai berulah, pabrikan lain pasti berbenah nihðŸ˜…, kelainan Suzuki kan kalo inovasi selalu melampaui zaman, contoh kecil aja di motornya yg sudah cvt elektronik dan saya katakan futuristik utk dimotor, malah di pakai produsen lain saat ini dgn nama lain yg blunderðŸ˜….",suzuki ulah pabrikan benah nih lain suzuki inovasi lampau zaman contoh motor cvt elektronik futuristik motor pakai produsen nama blunder,Positif
44,"Alhamdulillah saya baru seminggu meminang XL7 Alpha Hybrid 
setelah lama riset banding2in dengan mobil sekelasnya dan pilihan saya tidak salah, mobil kedap, kaki2 senyap, injek gas nggak terasa tiba2 udah 120km ajaðŸ˜† 
pintu berat (body tebel), build qualitynya jossðŸ‘",alhamdulillah minggu pinang xl alpha hybrid riset banding in mobil kelas pilih salah mobil kedap kaki senyap injek gas pintu berat body tebal build qualitynya joss,Positif
45,Bagus desainnya â¤ toooooop,bagus desain toooooop,Positif
46,"Mobil konsepnya suzuki dan produksinya beda jauhh, jauh lebih bagus yg konsep *biasanya begitu",mobil konsep suzuki produksi beda jauhh bagus konsep biasa,Positif
47,bagian yg hrs dibawa ke versi produksi adalah semuanya... keren banget nih... cakep banget nih mobil,bawa versi produksi keren banget nih cakep banget nih mobil,Positif
48,harga nya nanti bikin sakit ginjal...wkwkw,harga nya bikin sakit ginjal wkwkw,Negatif
49,masuk indonesia paling juga jadi nya di atas 800 juta,masuk indonesia nya juta,Netral
50,Buang too much space di belakang.  Boxy-kan dikit. Gear shift bagus. Dari P bisa langsung ke D tanpa lewat R.,buang too much space boxy gear shift bagus p langsung d r,Positif
52,Judul nya lebai jangan remehkan pabrik kan China,judul nya lebai remeh pabrik china,Negatif
53,Naiis,naiis,Netral
54,400jt ehh 500jt klo mau cepet,jt ehh jt cepat,Positif
55,G yakin modelnya samaðŸ˜‚,model,Netral
56,Pasti modelnya bukan selera Prindavan,model selera prindavan,Netral
57,Tombol kapasitiv di setir gakan bikin salah pijit tuh nanti?,tombol kapasitiv setir gakan bikin salah pijit tuh,Negatif
58,"Bedanya sijuki mobil konsepnya selalu beneran konsep, ga kyk h tegak dan telu berlian yg majang prototipe sbg konsep akhirnya influencer asian value selalu nganggap h tegak dan telu berlian keren sijuki underrated",beda sijuki mobil konsep beneran konsep h tegak berlian majang prototipe konsep influencer asi value nganggap h tegak berlian keren sijuki underrated,Positif
59,Suzuki biasanya melenceng dari konsepnya. Interior sih yakin ga bakal seperti itu,suzuki lenceng konsep interior sih,Netral
60,Request dong BYD M6.,request byd m,Netral
61,Pasti di atas 500 juta kalau di suzuki,juta suzuki,Netral
62,Soal build quality malah suzuki diatas toyota. Cuma kalah brand sama resale value doang,build kualitas suzuki atas toyota kalah brand resale value,Negatif
63,"Saya pakai XL 7 2019 om, bandel dan tangguh irit lagi",pakai xl om bandel tangguh irit,Positif
64,"Yg paling oke transmisinya Suzuki tidak latah cvt,",oke transmisi suzuki latah cvt,Netral
65,"Sebagai k waspadaan aja pabrik Suzuki d Thailan tutup krn penjualan yg turun drastis, d Indonesia sendiri sdh mulai ada keluhan krn penjualan mobil baru menurun, tp penjualan mobil listrik naik",k waspada pabrik suzuki d thailan tutup jual turun drastis d indonesia keluh jual mobil turun jual mobil listrik,Negatif
66,"Siap - siap buat cari AKI-nya om, saya Hybrid Ertiga aja susah cari AKI-nya om, masa iya perlu indent 2 - 3 bulan, akhirnya diakalin pakai GS calcium wkwkkwkwk ðŸ¤£ðŸ¤£",cari aki nya om hybrid ertiga susah cari aki nya om iya indent diakalin pakai gs calcium wkwkkwkwk,Negatif
67,Ya namanya juga judul dibikin lebay biar menarik dibuka,ya nama judul bikin lebay biar tarik buka,Netral
68,"pasti harganya mirip2 hundai sekarang, mimpi klo harga dibawah 300jt",harga hundai mimpi harga bawah jt,Netral
69,"Masih konsep..ðŸ˜‚ðŸ˜‚ðŸ˜‚
Pabrikan jepun, nangis gak besuara...
Dah Di injek2 ama mochin",konsep pabrikan jepun nang besuara injek mochin,Netral
70,"Yang selalu kuperhatikan waktu om rosano ngomong ""untuk detailnya simak sepuwuharik dari..."" Cepet banget ngomongnya ðŸ˜‚",perhati om rosano ngomong detail simak sepuwuharik cepat banget ngomongnya,Positif
71,"Kalian inget Suzuki Baleno consep, sangat jauh dari konsep ,jng berharap dia bakal bagus dan sama",suzuki baleno consep konsep jng harap bagus,Positif
72,Wow,wow,Netral
73,"Gilaa produsen otomotif mobil EV toyota,suzuki jepang pun gk mau kalah saing dengan produk cina",gilaa produsen otomotif mobil ev toyota suzuki jepang kalah saing produk cina,Negatif
74,"Keren dan sporty banget nih mobil ðŸ”¥
#SuzukiSelaluDihati â¤",keren sporty banget nih mobil suzukiselaludihati,Positif
75,"terus harganya digoreng, harga pricelist 500jt, digoreng jadi 800.... ðŸ˜‚ðŸ˜‚ðŸ˜‚",harga goreng harga pricelist jt goreng,Netral
76,Yang ditunggu tunggu ayolah pemerintah indonesia loloskan saaajaaa dan jangan mahal2,tunggu tunggu ayo perintah indonesia lolos saaajaaa mahal,Positif
77,"Sementara honda buat sepeda listrik em1 ngaku2 sebagai motor listrik, padahal rangenya cuma 25km dan top speed 40km, dengan pede nya si honda jual 45jtðŸ¤£, lawak kali brand satu itu, mobil listrik brand lain nnti bermain di harga 500jt si honda jual 1,5milyar dengan kalimat jualan fun to driveðŸ¤£",honda sepeda listrik em ngaku motor listrik rangenya top speed pede nya si honda jual jt lawak kali brand mobil listrik brand nnti main harga jt si honda jual milyar kalimat jual fun drive,Netral
78,Sipppp,sipppp,Netral
79,Suzuki paling yahuud,suzuki yahuud,Netral
80,"Masi concept. Pass diproduksi, mobil cina keluarin model baru harga lebih murah. ðŸ˜‚ðŸ˜‚",konsep pass produksi mobil cina keluar model harga murah,Positif
81,Waaahhh Suzuki Semakin Mantaaapp,waaahhh suzuki mantaaapp,Netral
82,PrototipðŸ˜…ðŸ˜… ora lah india hee..Berat boss sudah jauh tertinggal..bekas nya dropðŸ˜…ðŸ˜…,prototip india hee berat boss tinggal bekas nya drop,Netral
83,"Kalau harga 250-300 sih larisâ€¦.
Saran: adas hilangin, manual seat dan manual bagasiâ€¦.",harga sih laris saran adas hilangin manual seat manual bagasi,Netral
84,"Syukur2 yg d jual ntar tulen Sijuki, bkn Suzubharatha",syukur d jual tulen sijuki suzubharatha,Netral
85,"Harganya 338jt dong, kan suzuki,,
Biar mantab lawan china punya",harga jt suzuki biar mantap lawan china,Netral
86,Bingung orang masih pada beli Toyota & Honda yg harganya udah ga masuk di akal sedangkan ada yg kaya begini di depan mata.,bingung orang beli toyota honda harga masuk akal kaya mata,Negatif
87,Jepang bikin ev? Hmmm...,jepang bikin ev hmmm,Netral
88,pas closing lbh cepet lagi smpe gatau ngomong paan...,pas closing cepat tau ngomong paan,Positif
89,"Mirip"" Xforcenya Mitsubishi....ðŸ˜…",xforcenya mitsubishi,Netral
90,Lah apa hubungannya sma pemerintah ? Mana ada pemerintah melarang EV ðŸ˜‚,hubung sma perintah perintah larang ev,Netral
91,wah harga segitu sih malah mobil EV cina yg bakal ketar ketir ðŸ˜‚,harga segitu sih mobil ev cina ketar tir,Netral
92,"Ini bagus, nabung dulu ah buat siap2 tahun depan",bagus nabung ah,Positif
93,Suzuki selalu dipandang sebelah mata di Indonesia... Ironis.. .ðŸ˜…,suzuki pandang belah mata indonesia ironis,Negatif
94,"Semoga desain, kelengkapan, dan fitur versi produksinya ngga didowngrade dari versi konsepnya seperti yang sudah-sudah",moga desain lengkap fitur versi produksi didowngrade versi konsep,Netral
95,Jd cameo di autonetmagz wkwkw,cameo autonetmagz wkwkw,Netral
96,"Abis liat  mobil   baru SAIC dan  Geely, nga minat lagi. Dari orang yang dulu pake Suzuki.",habis lihat mobil saic geely nga minat orang pakai suzuki,Netral
97,Di mirip-miripin x force ya bos,miripin x force ya bos,Netral
98,Cirikhas endingnya mesti harus di slow....ngomongnya cepet bangetðŸ˜‚,cirikhas endingnya mesti santai ngomongnya cepat banget,Positif
99,"Kalau melihat fasilitas SPLKU di Indonesia, better mobil hybrid sih. Bisa diandalkan kapanpun. Klo mobil listrik bakal was-was perjalanan jauh. Bahkan di Negara maju aja sebagian besar ingin balik ke mobil konvensional gegara fasilitas SPLKU yang kurang",fasilitas splku indonesia better mobil hybrid sih andal mobil listrik was was jalan negara maju mobil konvensional gegara fasilitas splku,Positif
100,Ini baru inovasi tiada henti...,inovasi tiada henti,Positif
101,"Suzuki gk perlu fitur-fitur gk guna, yang penting tahan lama,  karena kelemahan mobil China ya elektroniknya banyak masalah, banyak fitur = perawatan mahal, Suzuki cukup pakai fitur-fitur penting aja.",suzuki fitur fitur tahan lemah mobil china ya elektronik fitur awat mahal suzuki pakai fitur fitur,Negatif
102,"Mantap sih, tapi nanti klo VIRAL MALAH HARGANYA DI GORENG",mantap sih viral harga goreng,Positif
103,Konsepnya mantep ke arah kejepangan. Nanti pas lounching pasti selera india nehi nehiiiiðŸ˜‚,konsep mantap arah kejepangan pas lounching selera india nehi nehiiii,Positif
104,ngiler.....ðŸ˜Š,ngiler,Netral
105,"Semoga yang terakhir rumornya benar, dgn gearbox bisa hemat banget apalagi buat luar kota, rpm bisa rendah buat motor listrik dan tetap berada di torsi maksimal toh selama ini ev bisa boros bgt krn, hambatan angin ya itu normal dan paling penting rpm motor listriknya itu udah tinggi bgt ujung-ujungnya torsi maksimalnya kurang",moga rumor gearbox hemat banget kota rpm rendah motor listrik torsi maksimal ev boros banget hambat angin ya normal rpm motor listrik banget ujung ujung torsi maksimal,Negatif
106,Apa iya? ðŸ˜‚ðŸ˜‚ðŸ˜‚ konsep doang dibanyakin produksinya nggak.,iya konsep dibanyakin produksi,Netral
107,"Kelamaan, baru concept...China udah duluan",konsep china duluan,Netral
108,"Om reveuw jetour dashing atuh ,,",om reveuw jetour dashing atuh,Netral
109,"Hinaan netizen paling parah di motor Suzuki dahysat bang, sampai akhirnya beli nex 2.
High quality sih banding Honda dan Yamaha.",hina netizen parah motor suzuki dahysat bang beli nex high kualitas sih banding honda yamaha,Negatif
110,animasi keren banget,animasi keren banget,Positif
111,Bedeeh depan galak kyk bulldog,bedeeh galak bulldog,Negatif
112,"Tergantung  seriuus atau tidak  saja negaranya  membangun  SPKLU. China bangun 600.000 SPKLU dalam 1 tahun. Amerika kalau bensin  habis, bom negara   lain  jadi    mereka  tidak  begitu serius.",gantung seriuus negara bangun spklu china bangun spklu amerika bensin habis bom negara serius,Netral
113,Â @yulusleonard985Â  Pasti sudah bisa jawab dong keseriusan negara ini bangun SPLKU?,yulusleonard serius negara bangun splku,Positif
114,"Â @budi848Â  PLN ya  serius  karena kalau mau  cari SPKLU   yang berfungsi  ya di PLN. Di luar itu    di  urus swasta kayak pengelola hotel, pengelola  rest  area  sama dealer wuling.",budi pln ya serius cari spklu fungsi ya pln urus swasta kelola hotel kelola rest area dealer wuling,Positif
115,"1st car swift, kedua ertiga, yuk bisa yuk yg ketiga EVX",st car swift ertiga yuk yuk tiga evx,Netral
116,"Biasanya consept Suzuki sama versi produksi melenceng apalagi diproduksi di negeri nehi nehi, mungkin klo diproduksi japanese agak percaya",konsep suzuki versi produksi lenceng produksi negeri nehi nehi produksi japanese percaya,Positif
117,Knp nggak lgs dijual dgn hrg kompetitif.. ntar keburu nyaman dgn merk2 ev chinna dah malas pindah ke merk2 jepang lagi yg pasti nggak bisa lbh murah dari ev chinna.,lgs jual harga kompetitif keburu nyaman merk ev chinna malas pindah merk jepang murah ev chinna,Netral
118,Sepertinya sulit otomotif jepang bersaing harga dgn otomotif china min....,sulit otomotif jepang saing harga otomotif china min,Negatif
119,Keren mobil nya.. keren video nya.. keren review nya..ðŸ‘ðŸ‘,keren mobil nya keren video nya keren tinjau nya,Positif
120,"Cakep, jepang memang masih ketinggalan terkait teknologi dan global supply chain elektrifikasi. Pasti pengen mengejar tiongkok. The race started",cakep jepang tinggal kait teknologi global supply chain elektrifikasi kejar tiongkok the race started,Positif
121,"Tapi belum ada fitur pilot Drive kyk di li-auto, zeekr, Geely, seres 7&9",fitur pilot drive li auto zeekr geely seres,Netral
122,10 hal yg bwdvtrfccsethkoygd Suzuki evx concept,bwdvtrfccsethkoygd suzuki evx konsep,Netral
123,Tinggal buat juga yang 7 penumpang.. range 500 km juga sekali full charge... Aku juga Suzuki Family...,tinggal tumpang range full charge suzuki family,Netral
124,Mirip espresso,espresso,Netral
125,"Aq sudh subscribe sdh lama tp heran smpai skrg blm juga 1jt, padahl chanel sblh sdh 1jt subscribe",sudh subscribe heran jt padahl chanel belah jt subscribe,Negatif
126,Ga bisa berharap banyak terhadap produk Suzuki. ðŸ˜‚ðŸ˜‚ðŸ˜‚.,harap produk suzuki,Netral
127,Menyala Maruti ðŸ”¥ðŸ”¥ðŸ”¥,nyala marut,Netral
128,Konsep nya WOW ðŸ˜‚ yg datang PRINDAVAN,konsep nya wow prindavan,Netral
129,Kerennnn,kerennnn,Netral
130,Ini EvX bakal jadi rivalnya Kona Ev gak sih?,evx rival kona ev sih,Netral
131,layar mid nya menghalangi pandangan k dpn ðŸ˜®,layar mid nya halang pandang k,Netral
132,Editannyyaaaa.....!!!! Mantep Bosquee...!!! Gue berasa nonton TVC seharga miliaran... Mobil yang biasa aja berasa mahal banget,editannyyaaaa mantap bosquee asa nonton tvc harga miliar mobil asa mahal banget,Netral
133,"Untuk dari segi desain mobil konsep ini Memang menggugah selera banget, CAKEP... Semoga untuk produksi masalnya gak beda jauh bentuknya termasuk stir mobilnya.

Tp yg bener2 bikin laku apa gak ya tergantung fitur.... Klo harganya sama, tp fitur jauh sm china, ya wasallam.....",segi desain mobil konsep gugah selera banget cakep moga produksi masalnya beda bentuk stir mobil bener bikin laku ya gantung fitur harga fitur china ya wasallam,Positif
134,Suzuki swift masukin,suzuki swift masukin,Netral
135,Sebenernya ga ketinggalan. Honda pun sudah bnyk yg elektrik di jepang sana. Tp mereka belum bisa bikin yg murah,sebenernya tinggal honda elektrik jepang bikin murah,Positif
136,Akibat overhead kali ya. Biaya gaji insinyur jepang tinggi. Dan r n d jepang lama,akibat overhead kali ya biaya gaji insinyur jepang r n d jepang,Netral
137,"ya jangan lah.. biar murah, bisa kebeli",ya biar murah beli,Positif
138,Dan menurut q Chanel ini layak Krn penyampaian dan vidio.nya sangat lengkap,chanel layak sampai video nya lengkap,Positif
139,"dari yang udah udah sih, pabrikan slain china sih psti pelit fitur apalgi suzuki, ertiga aja masih halo ehhh wkwkwk... jadiii ya ngk bsa berharap banyak seperti pabrikan china",sih pabrikan china sih pelit fitur apalgi suzuki ertiga halo ehhh wkwkwk jadiii ya harap pabrikan china,Negatif
140,"Justru yang jualan fitur bakalan kalah, banyak banget mobil listrik China yang elektroniknya bermasalah, nah Suzuki cukup pakai fitur yang penting dan tahan lama, pasti bakalan banyak yang tertarik.

Elektronik banyak = perawatan mahal.",jual fitur kalah banget mobil listrik china elektronik masalah suzuki pakai fitur tahan tarik elektronik awat mahal,Negatif
141,Â @haihai1190Â  mobil listrik softwarenya harus  bagus,haihai mobil listrik softwarenya bagus,Positif
142,"Â @yulusleonard985Â  Makanya jangan terlalu banyak fitur kayak masalah mobil China, jadi software error ya fitur gk bekerja, belum lagi kalau sudah ketinggalan jaman pasti jadi masalah lagi.",yulusleonard fitur mobil china software error ya fitur tinggal jaman,Negatif
143,"Â @haihai1190Â  Yang serkarang banyak masalah itu mobil eropa, Jerman. Itu BYD barusan update software.",haihai serkarang mobil eropa jerman byd barusan update software,Netral
144,Bakal beda jauhlah sama hasil yg di pabrikasi nanti,beda jauh hasil pabrikasi,Netral
145,"depannya gagah, tp pas liat belakangnya keliatan kurang melandai, jadi kaya joko kendil",depan gagah pas lihat belakang landai kaya joko kendil,Positif
146,"Concept doang kaya Daihatsu ðŸ˜‚ðŸ˜‚

Mass production juga bukan Indonesia marketnya.",konsep kaya daihatsu mass production indonesia marketnya,Netral
147,"produsen Jepang kesulitan dalam suplai baterai, beda dengan produsen dari Cina",produsen jepang sulit suplai baterai beda produsen cina,Negatif
148,Suzuki memang mantap praktis dan irit dan cocok disegala medan  dan zaman .. serta tahan tidak ketinggalan mode .... ðŸ‘ðŸ¼ðŸ‘ðŸ¼ðŸ‘ðŸ¼ðŸ‘ðŸ¼ðŸ‘ðŸ¼,suzuki mantap praktis irit cocok segala medan zaman tahan tinggal mode,Positif
149,Fronx masuk indo ga om?,fronx masuk indonesia om,Netral
150,"dateng2 langsung bad ass,,,, semoa bneran jadiiiii.,......",langsung bad ass moa bneran jadiiiii,Netral
151,"gimana rasanya belok pakai setir kotak yah? berarti radius putarnya bagus tuh

ada pesan moril di menit 10:18 mantabbbbðŸ‘ðŸ˜­",belok pakai setir kotak yah radius putar bagus tuh pesan moril menit mantabbbb,Positif
152,Bisa juga nih buat gantinya Suzuki Ignis tahun depan (2025),nih ganti suzuki ignis,Netral
153,"Concept itu pak, apalagi buatan prindapan dengan backing jepang, makin meragukan untuk bisa ""bantai mobil china"". Sepertinya jepang makin tiarap lawan china, engineer jepang sampai harus belajar ke china skrng untuk EV.",konsep buat prindapan backing jepang ragu bantai mobil china jepang tiarap lawan china engineer jepang ajar china ev,Negatif
154,Berat,berat,Netral
155,Masih konsep sepðŸ˜‚ðŸ˜‚ðŸ˜‚ðŸ˜‚,konsep sep,Netral
156,"Suzuki jualan mimpi, masih konsep, ketinggalan jauh dgn yg lain.. ðŸ˜…",suzuki jual mimpi konsep tinggal,Netral
157,Semoga produksi masal nya gak jauh melenceng dari konsep nya,moga produksi massal nya lenceng konsep nya,Netral
158,Ditunggu konten kona ev nya min,tunggu konten kona ev nya min,Netral
159,Suka bgt.,suka banget,Positif
160,Emang wajib di bantai mobil cina ðŸ˜‚,emang wajib bantai mobil cina,Negatif
161,mirip Creta bngetðŸ˜‚,creta bnget,Netral
162,hadir om botak ðŸ˜Š,hadir om botak,Netral
163,Keren Suzuki...,keren suzuki,Positif
164,"semoga setelah ngabisin stok ignis tahun ini, fronx bisa masuk ðŸ˜­",moga habis stok ignis fronx masuk,Netral
165,di tahun 2030 kayaknya,kayak,Netral
166,bagus kalau steering by wire. 4 roda.,bagus steering by wire roda,Positif
167,Harga nya bisa 2-3x ignis,harga nya x ignis,Netral
168,"Â @agungpurnomo466Â  Hahaha wajarlah di tahun 2025, 'kan jadi EV",agungpurnomo hahaha wajar ev,Positif
169,"Giliran buatan indonesia di india mereka org india juga bilang spt ini """" buatan indonesia itu Pak.. jaaauuhh kualitas nya"""".. sblm ngejek negara org lihat dlu negara kita.. apakah sudah baik??
Kamu tau gak india itu udah bisa bikin rudal nuklir.. teknologi mereka maju.. perluas wawasan sebelum mengejek sesuatu itu",gilir buat indonesia india orang india bilang buat indonesia jaaauuhh kualitas nya ejek negara orang lihat negara tau india bikin rudal nuklir teknologi maju luas wawas ejek,Positif
170,"â€‹Â @gentapenarosa7781Â emang begitu ya Pak, tanggapan orang India terhadap produk Indonesia?",gentapenarosa emang ya tanggap orang india produk indonesia,Negatif
171,"Produk India ga cocok sama Indonesia, hanya masalah desain,karena masalah selera dan peruntukan nya saja.India lebih ke fungsi, Indonesia mikirin gaya juga.
Tapi kalau masalah kualitas,ga ada masalah dengan produk india",produk india cocok indonesia desain selera untuk nya india fungsi indonesia pikir gaya kualitas produk india,Positif
172,Jer produk belum ada udah dibilang jelek,jer produk bilang jelek,Negatif
173,"Â @thunderedtÂ begitulah, sudah biasa.. itu juga seringnya ikut2an aja, begitu tau india langsung â€œjelek jelekâ€ padahal belom liat ðŸ˜…",thunderedt an tau india langsung jelek jelek bom lihat,Negatif
174,Bisanya ya cuma ngejek sih,bisa ya ejek sih,Positif
175,"Seolah olah loe yg paling hebat , ðŸ˜‚ðŸ˜‚ðŸ˜‚modal omdo doank, India dah bisa buat mobil sendiri ,lah elu?ðŸ˜‚ðŸ˜‚ðŸ˜‚",olah hebat modal omong doang india mobil,Positif
176,"Opini lu cm berasumsi dg kata-kata ""sepertinya"",,ðŸ˜®ðŸ˜…
Jepang bukan ga bisa bikin EV atau ketinggalan dr China,, jauh sebelum pabrikan China bikin EV mereka sudah punya banyak mobil EV.. 
PabrikanÂ² otomotir Jepang melihat pasar EV untuk BEV blm begitu besar persentase nya dari keseluruhan penjualan mobil Dunia, di Indonesia pabrikan Jepang seperti Toyota, lebih banyak merilis Produk Hybrid EV.. jadi liat sikon pasar..",opini cm asumsi jepang bikin ev tinggal china pabrikan china bikin ev mobil ev pabrikan otomotir jepang pasar ev bev persentase nya jual mobil dunia indonesia pabrikan jepang toyota rilis produk hybrid ev lihat sikon pasar,Netral
177,"Maaf sebelumnya, saya owner 2 ev, korea ioniq 5 dan china brand, owner 2 ice zenyx q dan hrv. Sempat stay beberapa minggu di china karena urusan kerja, mata saya terbuka, betapa sudah sangat jauh tertinggal mobil buatan jepang. Jepang negara keparat yg nipu kita berpuluh2 tahun dengan mobil murahan keparat yg overprice.

In my opinion, japanese brand is the worst overpriced car, bahkan zenyx yg saya pakai ga cocok antara harga dan kualitasnya...",maaf owner ev korea ioniq china brand owner ice zenyx hrv stay minggu china urus kerja mata buka betapa tinggal mobil buat jepang jepang negara keparat nipu puluh mobil murah keparat overprice in my opinion japanese brand is the worst overpriced car zenyx pakai cocok harga kualitas,Positif
178,"Produsen battery terbaik saat ini ada di china, CATL dan BYD pembuat LFP dan sodium ion. Tesla pun harus akui dan beli dr mereka. Ngapain wasting time nunggu jepang? Mereka sudah ga bisa inovasi, old generation semua

FYI, ironinya, car of the year di jepang adalah BYD Dolphin....",produsen battery baik china catl byd buat lfp sodium ion tesla aku beli ngapain wasting nunggu jepang inovasi old generation fyi ironi car of the jepang byd dolphin,Positif
179,"India hanya pabrikan, dibelakangnya ada Jepang. Sampai detik ini apa mobil jepang ev yg sukses? None, nihil. Bz4x?? No, nissan leaf?? Itu udah usang. 

Beli ev brother, jangan cuma komen, baru akan merasakan betapa tertinggalnya jepang",india pabrikan belakang jepang detik mobil jepang ev sukses none nihil bz x nomor nissan leaf usang beli ev brother komen rasa betapa tinggal jepang,Negatif
180,"Indikator terbaik adalah US dan Eropa, mereka sampai bikin aturan tariff 100% untuk EV asal china

Pengamat disana melihat semua market di dunia akan didominasi oleh china. Sampai harus bikin aturan semengerikan itu

Apa yg dilakukan pemerintah skrng sdh benar, pabrik battery dan ev diperbanyak, kedepannya untuk alih teknologi, siapa tau ada brand lokal yg bisa mirip vinfast vietnam, jd bisa mandiri.",indikator baik us eropa bikin atur tariff ev china amat sana market dunia dominasi china bikin atur keri perintah pabrik battery ev banyak depan alih teknologi tau brand lokal vinfast vietnam mandiri,Positif
181,"Indikator terbaik tau mana leader ev sesungguhnya adalah import tariff 100% di US dan Eropa untuk EV china, karena mereka ketakutan dilibas habis produknya.

Worth to mention : Volvo, MG, Smart, LEVC, Lotus skrng owned by china company

Kesimpulannya, judul siap bantai mobil china itu terlalu bombastis, emotional dan tanpa data...",indikator baik tau leader ev sungguh import tariff us eropa ev china takut libas habis produk worth mention volvo mg smart levc lotus owned by china usaha simpul judul bantai mobil china bombastis emotional data,Netral
182,"Orang2 thailand jg sudah mulai detox dari mobil jepang, sales mobil jepang drop >10% dan china naik > 10% di 2024.

Lets see, siapa yg akan terlibas nanti

Toshiba, hitachi, panasonic?? Kalian sendiri mungkin ga punya lg produk2nya

Hp jepang??? 

Jadi dipastikan trend ini akan diteruskan di mobil jg

Maaf sebelumnya, jika saya muak dengan jepang, agya keparat saja bisa2nya dijual hampir 300juta. Kita diperah eh malah kita muja2 mereka",orang thailand detox mobil jepang sales mobil jepang drop china lets see libas toshiba hitachi panasonic produk nya hp jepang trend terus mobil maaf muak jepang agya keparat nya jual juta perah eh muja,Negatif
183,"Inget kawan2, jepang itu nipu ga cuma harga, tapi kualitas.

 Toyota, daihatsu, honda terlibat skandal penipuan crash test terbesar di dunia, barang murahan dipalsukan datanya. 

Di indonesia astra dan atpm jepang menutupi kebobrokan ini, karena memang bobrok jg.",kawan jepang nipu harga kualitas toyota daihatsu honda libat skandal tipu crash test besar dunia barang murah palsu data indonesia astra atpm jepang tutup bobrok bobrok,Negatif
184,"Inget kawan2, pabrikan jepang toyota, daihatsu, honda kena skandal pemalsuan crash test yg dilakukan sejak lama dan terungkap di 2023-2024.

Mobil murahan, tidak aman dan mahal

Di indonesia mereka dilindungi mafia macam astra dan atpm2 jepang lainnya. Padahal sama2 bobrok kualitasnya.

Just your info, temen pernah kerja di astra dan akui selama laku dan ga dikomplain gass terus bikin yg murahan, toh orang indonesia nurut2 aja

Astra : kasus honda beat yg patah body, kualitas mobil kaleng2",kawan pabrikan jepang toyota daihatsu honda kena skandal palsu crash test ungkap mobil murah aman mahal indonesia lindung mafia astra atpm jepang bobrok kualitas just your informasi temen kerja astra aku laku komplain gass bikin murah orang indonesia nurut astra honda beat patah body kualitas mobil kaleng,Negatif
185,"China leader jg di fully autonom car, dengan LIDAR tonjolan diatas, seperti BYD yangwang U8 di GIIAS.   Jauh lebih advance dibandingkan ADAS biasa. Ada integrated Nvidia GPU untuk offline AI processing 

I'm an engineer, saya tau apa yg sudah saya sampaikan diatas.",china leader fully autonom car lidar tonjol atas byd yangwang giias advance banding adas integrated nvidia gpu offline ai processing i m an engineer tau atas,Netral
186,"â€‹Â @GoldrigÂ baca tulisan ente ""Jepang negara keparat yg menipu kita dgn mobil murahan..."" Udah keliatan fansboy produk cina. 

Cina boleh aja unggul dgn EV mereka tapi bukan berarti ente bebas merendahkan & menuduh produsen negara lain jadi negara penipu... Kocak ðŸ˜‚",goldrig baca tulis ente jepang negara keparat tipu mobil murah fansboy produk cina cina unggul ev ente bebas rendah tuduh produsen negara negara tipu kocak,Negatif
187,"Gw barusan ke GIIAS, harus diakui mobil china skrg jauh lebih baik secara desain, spek & price. Soal reliability nya gak tau, belum teruji disini. Tp harus diakui produk2 china terutama mobil EV udah jauh diatas jepang. Perusahaan jepang gak mau bikin EV karena ekosistem bisnis mobil ICE nya bisa bangkrut. Bayangkan di indonesia anak2 perusahaan astra yg bikin komponen ice kayak blok mesin, radiator, perusahaan pelumas mesin dll bakal tutup pabrik nya karena jumlah komponen di mobil listrik bisa berkurang 40% dari mobil ice. Jd wajar skrg jepang kalah soal mobil EV. Akhirnya barusan gw spk byd seal yg build quality & spec nya keren bgt",barusan giias aku mobil china desain spek harga tahan uji nya tau uji aku produk china mobil ev atas jepang usaha jepang bikin ev ekosistem bisnis mobil ice nya bangkrut bayang indonesia anak usaha astra bikin komponen ice blok mesin radiator usaha lumas mesin lain tutup pabrik nya komponen mobil listrik kurang mobil ice wajar jepang kalah mobil ev barusan spk byd seal build kualitas spec nya keren banget,Negatif
188,"â€‹@arifbudiono3140  congrats brother, nice choice milih BYD Seal.

Di china, taxi BYD 2010an masih ada, di bluebird dr 2016  sudah 800ribu km sampe skrng masih sehat. Very reliable

2500 cycle count untuk LFP ke 90% capacity

2500 Ã— 500km/cycle = 1.250.000 km

1.250.000km / 20.000km(per tahun) = 62.5 tahun 

62.5 tahun itu mobil udah keburu masuk museum.",arifbudiono ucap selamat brother nice choice milih byd seal china taxi byd an bluebird ribu sehat very reliable cycle count lfp capacity cycle mobil keburu masuk museum,Positif
189,"Di india ertiga di rebadge jadi toyota rumion
Inova zenix rebadge suzuki invicto
Trus mau bilang desainnya jelek ???
Gini deh plat bodi T,D,M sama H adu tebel deh sama suzuki di type yang sama ya",india ertiga rebadge toyota rumion inova zenix rebadge suzuki invicto bilang desain jelek deh plat bodi t d m h adu tebal deh suzuki type ya,Negatif
190,"Â @aditgemstone7069Â  be smart, konteksnya bukan bagus or jelek, tapi ""bantai china"". Kira2 make sense ga?

Note: saya pernah punya ertiga jg",aditgemstone be smart konteks bagus or jelek bantai china pakai sense note ertiga,Negatif
191,telah pasti ketinggalan lah jepang kerjasama sama ........... maka harus bensin atawa hybrid (bensin juga)..maka hybrid2 an juga 1-2 kwh agar tetap minum bensin banyak..,tinggal jepang kerjasama bensin atawa hybrid bensin hybrid an kwh minum bensin,Netral
192,bensin vs ev bak sms vs wa..,bensin vs ev bak sms vs wa,Netral
193,"Â @Samuel-ft9hqÂ  hahaha, analoginya masuk bgt",samuel ft hq hahaha analogi masuk banget,Netral
194,"2025 produksi, konsep ini udah dari tahun lalu tapi baru dibawa skg ke giias aja (bingung kali bawa apa lagi..)",produksi konsep bawa skg giias bingung kali bawa,Negatif
195,â€‹Â @carmudiIDÂ  klu semua spek dan aslinya seperti tampilan ini baru wah.,carmudiid spek asli tampil,Netral
196,3:16 biasanya sih gituu,sih gituu,Netral
197,Berharap harga nya terjangkau,harap harga nya jangkau,Netral
198,"Siaap, nggak di giias deh tapi full banget soalnya ðŸ˜…",siaap giias deh full banget,Netral
199,kayak xforce perasaanðŸ˜…,xforce asa,Netral
200,Jempol buat suzuki,jempol suzuki,Netral
201,"PERTAMA
Merasa cocok Pakai Suzuki",cocok pakai suzuki,Positif
202,Wkwkwk suzuki ðŸ˜…,wkwkwk suzuki,Netral
203,Selalu pertama buat suzuki,suzuki,Netral
204,Pasti kemahalan ini bagusan beli Neta v ll lebih lengkap,mahal bagus beli neta v ll lengkap,Netral
205,Kedua build quality Suzuki terbaik..ðŸŽ‰,build kualitas suzuki baik,Positif
206,"Bener sih, suzuki bener2 underdog.. Padahal dari kualitas mobil, pelayanan sama sparepart dan harga semuanya selalu bagus..",bener sih suzuki bener underdog kualitas mobil layan sparepart harga bagus,Positif
207,Mantaps,mantap,Positif
