,comment,Labeling ,clean_text
0,,,nan
1,Harris Sarah Moore Maria Lopez John,netral,harris sarah moore maria lopez john
2,Good Product for Suzuki Mobil ....Saya penggiat mobil Suzuki...,positif,good produk suzuki mobil giat mobil suzuki
3,"Eksterior & interiornya keren banget....sangat futuristik,mudah2an tersedia warna ini juga,jangan item putih doang di produksi massal",positif,eksterior interior keren bangetsangat futuristikmudah2an sedia warna jugajangan item putih produksi massal
4,Mobil konsep = php,negatif,mobil konsep php
5,Kabarnya tahun depan Suzuki bakal luncurin mobil baru & di rakit di indo secara CKD!! Apakah ini?ğŸ˜®,netral,kabar suzuki luncurin mobil rakit indonesia ckd
6,Nanti udh jadi harganya di mark up sama salesnya jangan arepin yang banyak dari suzuki,negatif,harga mark up salesnya arepin suzuki
7,"Kedepannya pasti
CBU Suzuki Maruti INDIA
ğŸ˜‚ğŸ˜‚ğŸ˜‚",negatif,depan cbu suzuki marut india
8,Mantaap otodriver,positif,mantaap otodriver
9,Keren,positif,keren
10,Review fronx bang,netral,tinjau fronx bang
11,dan tidak untuk pasar Indonesia. wkwkwk,netral,pasar indonesia wkwkwk
12,"saya berikan apresiasi kepada mas adit, cara dan gaya menyampaikannya makin luwes, jelas, tidak ""serupa"" gaya mas fitra eri (atau itu memang templet di otodriver ya?ğŸ¤”) lanjutkan dan jadi diri sendiriğŸ‘ğŸ‘",positif,apresiasi mas adit gaya sampai luwes gaya mas fitra eri templet otodriver ya lanjut
13,Berharap Fronx masuk,positif,harap fronx masuk
14,Hybrid Suzuki aja masih yang jadi-jadian apalagi yang full ev? 11-12 sama Daihatsu yang doyan bikin concept doang ğŸ˜‚ğŸ˜‚ğŸ˜‚,negatif,hybrid suzuki jadijadian full ev 1112 daihatsu doyan bikin konsep
15,Mirip Mtsu XForce,netral,mtsu xforce
16,"Kirain mau launching fronx, malah cma pamer mobil konsep ğŸ˜…",negatif,kirain launching fronx cma pamer mobil konsep
17,Nunggu Jimny EV ğŸ˜…,netral,nunggu jimny ev
18,produsen Jepang sepertinya kesulitan dalam hal batre,negatif,produsen jepang sulit baterai
19,Rasanya gapercaya suzuki bisa design beginiğŸ˜‚,negatif,percaya suzuki design
20,Mirip XForce,netral,xforce
21,Nah iya ğŸ˜¢ berharap Fronx yang pake mesin K15C masuk,positif,iya harap fronx pakai mesin k15c masuk
22,Martin Frank Perez Robert Allen Lisa,netral,martin frank perez robert allen lisa
23,Lopez Steven Gonzalez Amy White Charles,netral,lopez steven gonzalez amy white charles
24,Brown Betty Brown Karen Hernandez Frank,netral,brown betty brown karen hernandez frank
25,Williams Carol Lewis Patricia Walker Ruth,netral,williams carol lewis patricia walker ruth
26,Martinez Sharon Lopez Jason Moore Jason,netral,martinez sharon lopez jason moore jason
27,Lewis Steven Rodriguez Daniel Williams Frank,netral,lewis steven rodriguez daniel williams frank
28,Walker Paul Davis Sharon Johnson Jose,negatif,walker paul davis sharon johnson jose
29,Harris Charles Clark Sarah Wilson Barbara,negatif,harris charles clark sarah wilson barbara
30,yg dijual di indo palingan disain india ğŸ˜,negatif,jual indonesia paling disain india
31,Produk India Hillsat ğŸ˜‚,negatif,produk india hillsat
32,"Suzuki EV is the best candidat and cheapest EV in the world, especially LCGC EV version......is the best choice....",positif,suzuki ev is the best candidat and cheapest ev in the dunia especially lcgc ev versionis the best choice
33,"Kalau masuk Indonesia paling mau ngikut yg di jepang asli pasti mahal minta ampun.. ğŸ˜‚ğŸ˜‚ nggak akan bisa bersaing sama brand china.. kalau, pajak barang mewah indo kagak ngotak.. 
Jadi jangan terlalu tinggi ekspetasinya kalau masih concept..",negatif,masuk indonesia ngikut jepang asli mahal ampun saing brand china pajak barang mewah indonesia ngotak ekspetasinya konsep
34,"Come On Suzuki, Merk2 lain udh pada jual mobil listrik,  ini kok masi konsep???ğŸ˜ğŸ˜ğŸ˜",negatif,come on suzuki merk2 jual mobil listrik konsep
35,mirip ferrari purosangue,positif,ferrari purosangue
36,Kayaknya desainer yg dulu udah di pecat ğŸ˜‚,netral,kayak desainer pecat
37,"Ayo dong tanya harga jimny lagi, penasaran msh mark up harga jimny gak nih? ğŸ˜…",netral,ayo harga jimny penasaran mark up harga jimny nih
38,"TIMESTAMP
0:00 - 8:15 MOCHAMMAD ARIQ ATILLAH",netral,timestamp 000 815 mochammad ariq atillah
39,"Cina tanpa byk konsep""an...langsung menggebrak pasar Indonesia dg model"" yg futuristik",positif,cina konsepanlangsung gebrak pasar indonesia model futuristik
40,Keren bgt yak ğŸ˜®,positif,keren banget yak
41,Konsep2 eh keluarnya 2 tahun kemudian dengan fitur disunatğŸ˜‚,negatif,konsep2 eh keluar 2 fitur sunat
42,"Suzuki eVX tampil keren banget di GIIAS, kira-kira bakal diterusin engga ya desainnya ke versi produksi?",positif,suzuki evx tampil keren banget giias kirakira diterusin ya desain versi produksi
43,"suzuki conpet seperti ini
real life nanti vrindavan
ğŸ˜‚",negatif,suzuki conpet real life vrindavan
44,berawal dari hybrid langsung di surprize ada mobil full listrik ajaa wkwk,positif,hybrid langsung surprize mobil full listrik ajaa wkwk
45,"kalo gue punya mobil ini kyknya ngantuk mulu dah bawaannya, karna keliatannya nyaman bgt ğŸ¤£",positif,mobil ngantuk mulu bawa nyaman banget
46,"anjayy, galak bener nih si evx, desainnya oke, fitur2nya gak kalah saing.",positif,anjayy galak bener nih si evx desain oke fitur2nya kalah saing
47,Keren mantabğŸ‘ğŸ‘,positif,keren mantap
48,Apik ya...,positif,apik ya
49,Semoga harga di bawah 500jtğŸ˜…,positif,moga harga 500jt
50,Suzuki kebiasaan goreng gorenganâ€¦udah banyak orang ilfilâ€¦ğŸ˜‚ğŸ˜¢,negatif,suzuki biasa goreng gorenganudah orang ilfil
51,à¸™à¸à¸¡à¸­à¸šà¸œà¹ƒà¸—à¸«,netral,
52,"yang penting harga ""bersahabat"" buat customer....",positif,harga sahabat customer
53,Suzuki Fronx laah masukin indo,netral,suzuki fronx laah masukin indonesia
54,Biasanya Harganya  suzuki suka bersahabat,positif,harga suzuki suka sahabat
55,ini kalau konsep car nya udah jadi ini mau jadi lawannya siapa coba komen di bawahğŸ‘‡ğŸ˜Š,netral,konsep car nya lawan coba komen
56,Tumben X ini Disain SUZUKI sdh bagus biasa disain2 lain pada umumnya jelek2 ğŸ˜‚ğŸ˜‚,positif,tumben x disain suzuki bagus disain2 jelek2
57,Coba nanti pas launching di indonesia bisa jadi 7 seater. Pasti laris manis banget laku terjual,positif,coba pas launching indonesia 7 seater laris manis banget laku jual
58,Ga salah harga lagi kan nanti ğŸ¤­,netral,salah harga
59,Mantaapp nihh suzukiii....awass ada yg Jiplaakkkk merek sebelaahhh...hixixixixiiiii,positif,mantaapp nihh suzukiiiawass jiplaakkkk merek sebelaahhhhixixixixiiiii
60,"Ayo2 jangan lupa, apapun videonya koruptor komennya. ğŸ‘ŒğŸ‘ Lanjutkan & tingkatkan ketifakpedulian akan konteks & relevansi",netral,ayo2 lupa apa video koruptor komennya lanjut tingkat ketifakpedulian konteks relevansi
61,Untuk mobil EV tetap produk CHINA yg terdepan...ğŸ˜ŠğŸ˜ŠğŸ˜Š,negatif,mobil ev produk china depan
62,"Gak mungkin bro, Sehebat-hebatnya produk Jepang itu selalu KALAH di Harga dengan mobil China. Mari kita BUKTIkan kalau gak prcaya",negatif,bro sehebathebatnya produk jepang kalah harga mobil china mari bukti percaya
63,"suzuki grand vitara EV sajalah, sy mau beli, gak usah neko neko,,",positif,suzuki grand vitara ev beli neko neko
64,susuki yamaha honda sudah kerjasama dengan cina bangğŸ˜‚,netral,susuk yamaha honda kerjasama cina bang
65,Pasti harga nya mahal,negatif,harga nya mahal
66,"merk ternama harus segera ambil langkah cepat sebelum konsumen terlanjur pindah k produk china,, klu sdh nyaman susah kembali ke idola lama,, buatkan produk unggu harga bersaing,,jangan terlalu percaya diri konsumen tetap setia,,klu ads yg murah berkwalitas ngapain beli yg mahal kwalitas neda tipisğŸ˜ğŸ˜ğŸ˜",positif,merk nama ambil langkah cepat konsumen lanjur pindah k produk china nyaman susah idola buat produk unggu harga bersaingjangan percaya konsumen setiaklu ads murah berkwalitas ngapain beli mahal kwalitas neda tipis
67,Tertarik,positif,tarik
68,Semoga harganya ramah di kantong,positif,moga harga ramah kantong
69,Semoga  terrealisasi jadi Mobil Listrik Suzuki,positif,moga terrealisasi mobil listrik suzuki
70,i never trust Japanese friend ğŸ˜…ğŸ˜…,negatif,i percaya japanese teman
71,Soal quality suzuki  jangan di tanya,positif,kualitas suzuki
72,Hajar pakai apa???,netral,hajar pakai
73,Cina mobil listrik makin didepan jauh meninggalkan pabrik otomotif dari jepang dan eropa itu kenyataannya.,netral,cina mobil listrik depan tinggal pabrik otomotif jepang eropa nyata
74,"Batrai menyatu sama lantainya, nanti kalau mau ganti batrai gak bisa dong",netral,batrai satu lantai ganti batrai
75,"hehe yakin bisa kalahkan kefuturistikan mobil2 china sekarang, aku ragu sih karena yg saya tau japan car dari dulu hanya bisa konsep2 doang kaga ngejual mobil2nya yg futuristik palingan juga tungguin gen z punya anak dulu baru dijual, itupun toyota aja make platform teknologi nya byd. kita tunggu wae bakal kyk apa mobil japan kebanggan orang2 budiman ini bertindak sejauh apa",negatif,hehe kalah futuristik mobil2 china ragu sih tau jepang car konsep2 ngejual mobil2nya futuristik paling tungguin gen z anak jual itu toyota pakai platform teknologi nya byd tunggu mobil jepang banggan orang2 budiman tindak
76,"Waduhhh.. masih konsep.. batre aja paling2 beli dari BYD atau pabrikan China lainnya.. kalau toh harga bisa bantai mobil China justru lebih baik.... Nanti toh mobil China akan banting harga di bawah Suzuki lagi. Di negara jepang aja sdh banyak pabrik2 yg mati kalah saing dengan produk2 China. Lihat nanti, judul aja yg provokasi ğŸ˜‚ğŸ˜‚ğŸ˜‚",positif,waduhhh konsep baterai paling2 beli byd pabrikan china harga bantai mobil china mobil china banting harga suzuki negara jepang pabrik2 mati kalah saing produk2 china lihat judul provokasi
77,Lambat amat keburu pasarnya disikat mobil cina.. atau korea,negatif,lambat keburu pasar sikat mobil cina korea
78,Klo emg hrganya worth gw pasti pilih suzuki.,positif,emang hrganya worth pilih suzuki
79,"Inilah Pesawat Masa Depan Indonesa, Karya anak Bangsa, digerakkan dengan Baterei
Hanya diputar dengan Motor Listrik dan Terbang
Terbang di hampa udara
Kapasitas Angkut lebih dari 100 ton

SATU untuk Semua Kegunaan, tidak perlu Tank KapalLaut KapalSelam Helikopter, karena bisa Menyelam Terbang dalam SegalaCuaca, AntiPeluru, Tidak perlu Pelabuhan Lapangan terbang/landasan-pacu, mudah membuatnya & murah     

Ada dua macam kendaraan yang pada umumnya dipakai manusia dalam sejarah hidupnya di dunia kini yaitu : yang memakai tenaga menolak untuk maju seperti hewan, mobil, kapal laut atau kapal udara: Yang lainnya memakai tenaga lenting atau centrifugal seperti pesawat piring terbang. Kedua macam kendaraan ini  disebutkan dengan benda terapung dan ternak. Yang dimaksud dengan ternak ialah kuda, unta, keledai. dan sebagainya. Dan benda terapung ialah segala macam kendaraan yang diwujudkan oleh teknologi manusia termasuk dalamnya piring terbang.

Suatu cara ialah dengan memutar bahagian pesawat secara horizontal. Bila putaran itu semakin cepat akan semakin besarlah daya centrifugal dan semakin kecillah daya gravity, akhirnya daya jatuh ini akan hilang sama sekali dan mulailah pesawat terangkat dengan mudah tanpa pengaruh tarikan Bumi. Tentu orang akan heran: bagaimana pula pesawat dapat berputar terus tanpa tumpuan? Dari itulah kita namakan pesawat itu dengan Shuttling System yaitu pesawat berupa piring dempet yang di tengahnya tempat penompang :

A. Bahagian Atas, kita namakan Positif berputar ke kanan, semakin ke pinggir massanya lebih tebal dan berat.
B. Bahagian Bawah, kita namakan Negatif, berputar ke kiri, semakin ke pinggir massanya lebih tebal dan berat.
C. Bahagian Tengah, kita namakan Neutral, tempat awak pesawat serta perlengkapan dan mesin yang memutar Positif dan Negatif sekaligus.

Praktis pesawat akan terangkat ditambah dengan ledakan seperlunya untuk tenaga pembelok dan untuk penambahan kecepatan sewaktu berada di angkasa tanpa bobot. Walau bagaimanapun konstruksi pesawat itu nantinya, kita serahkan kepada para sarjana, tetapi kita yakin nantinya akan terwujud sebagai pesawat kebal peluru dan tak memerlukan landasan tertentu karena dia dapat berdiri diam di angkasa dan yang lebih hebat lagi ialah bahwa pesawat itu tentunya water proof yang kalau perlu dia dapat langsung masuk lautan dan keluar lagi menurut semaunya.",positif,pesawat indonesa karya anak bangsa gerak baterei putar motor listrik terbang terbang hampa udara kapasitas angkut 100 ton guna tank kapallaut kapalselam helikopter selam terbang segalacuaca antipeluru labuh lapang terbanglandasanpacu mudah buat murah kendara pakai manusia sejarah hidup dunia pakai tenaga tolak maju hewan mobil kapal laut kapal udara pakai tenaga lenting centrifugal pesawat piring terbang kendara benda apung ternak ternak kuda unta keledai benda apung kendara wujud teknologi manusia dalam piring terbang putar bahagian pesawat horizontal putar cepat besar daya centrifugal kecil daya gravity daya jatuh hilang pesawat angkat mudah pengaruh tari bumi orang heran pesawat putar tumpu nama pesawat shuttling system pesawat piring dempet tengah penompang a bahagian nama positif putar kanan pinggir massa tebal berat bb bahagian nama negatif putar kiri pinggir massa tebal berat c bahagian nama neutral awak pesawat lengkap mesin putar positif negatif praktis pesawat angkat tambah ledak tenaga belok tambah cepat angkasa bobot konstruksi pesawat serah sarjana wujud pesawat kebal peluru landas diri diam angkasa hebat pesawat water proof langsung masuk laut
80,Ayo suzuki. Betulan. Jangan php. Konsumen gak urus mobil negara mana. Penting bagus. Murah dibanding apa yg ditawarkan,positif,ayo suzuki betul php konsumen urus mobil negara bagus murah banding tawar
81,"sama..
biasanya desain suzuki nanggung, bagus enggak jelek enggak.
desain ini too good to be true",negatif,desain suzuki nanggung bagus jelek desain too good be true
82,"Untuk pasar indo dan india mungkin iya, tapi dijepang kemungkinan akan seperti itu... ğŸ˜‚ğŸ˜‚ğŸ˜‚",positif,pasar indonesia india iya dijepang
83,kacoww cok velgnya tuh kaya dateng dari beda dunia gitu pooll wkkwk,positif,kacoww cok velgnya tuh kaya beda dunia pooll wkkwk
84,"walaupun blm dijual, tp kayaknya peminatnya udah ngantri nih buat booking wkwkw",positif,jual kayak minat antri nih booking wkwkw
85,"thanksss bang videonya, jadi bisa liat interior si evx ini gokil cakepp benere",positif,thanksss bang video lihat interior si evx gokil cakepp benere
86,"desainnya futuristik dan fiturnya fiturnya lengkap banget yaak, gas bungkus ini wkwk",positif,desain futuristik fiturnya fiturnya lengkap banget yaak gas bungkus wkwk
87,Woooowww krenâ¤,positif,woooowww keren
88,"kenapa bukan ini aja yang vitara gasoline atau hybrid. bisa autokiller yaris cross dan hrv. 
orang yang beli molis itu bukan dijadikan mobil pertama. pasti ke 3 atau ke 4.",positif,vitara gasoline hybrid autokiller yaris cross hrv orang beli mol jadi mobil 3 4
89,jepang mah udah kebacaâ€¦ bisanya cuma show off.. paling juga mobil model begini cuma jadi wacana,negatif,jepang mah baca bisa show off mobil model wacana
90,"menit 2:04 ahahaha
kl gitu modelnya, gk bakal laku masuk indo..
badan besar, velg+ban kecil
kyk body2 design toyota termasuk innova zennix
badannya besar, kakinya kecil
trex trex namanya wkwkwwkk",negatif,menit 204 ahahaha kl model laku masuk indonesia badan velgban body2 design toyota innova zennix badan kaki trex trex nama wkwkwwkk
91,"Yg lain sibuk jualan, sibuk buka pabrik, eh semua brand"" sakura masih sibuk bikin konsep ğŸ˜‚

Bener"" generasinya menua kekurangan anak muda, jadi semua inovasinya serba lambat",negatif,sibuk jual sibuk buka pabrik eh brand sakura sibuk bikin konsep bener generasi tua kurang anak muda inovasi serba lambat
92,Mantap Suzuki EVX ini,positif,mantap suzuki evx
93,Mobil masa depan,positif,mobil
94,gile keren banget,positif,gila keren banget
95,Memyala Suzuki kuhh.. ğŸ”¥,positif,memyala suzuki kuhh
96,"Cuma dipameri blm dijual, males ah. Ntar baru ngecek kl sdh ada dipasaran. Apa masih sebagus prototype tsb, atau ternyata  di downgrade dari ""Futuristic"" Menjadi ""Presentistic"".",positif,pamer jual malas ah ecek kl pasar bagus prototype downgrade futuristic presentistic
97,"Sumpah kagum liat suzuki EVX dan kagum liat tampang baru suzuki CARRY
Semoga suzuki membuat gebrakan besar di pasar mobil indonesia.",positif,sumpah kagum lihat suzuki evx kagum lihat tampang suzuki carry moga suzuki gebrak pasar mobil indonesia
98,Ngeriii ini,positif,ngeriii
99,"Kenapa desain secakep ini ngga dibuat versi produksi sekalian? Versi produksi selalu didowngrade. Padahal dari sisi biaya manufaktur antara desain konsep dan produksi massal (mestinya) tidak selisih terlalu banyak.
Kalau desain konsep seperti ini bener-bener diproduksi, kemungkinan besar akan sukses luar biasa diterima market",positif,desain cakep versi produksi versi produksi didowngrade sisi biaya manufaktur desain konsep produksi massal mesti selisih desain konsep benerbener produksi sukses terima market
100,Wah keren nih,positif,keren nih
101,"Begitu lah jepang ngak asal luncurin produk EV, ngak kayak produk china glodokkğŸ˜…ğŸ˜…",positif,jepang luncurin produk ev produk china glodokk
102,"suzuki dgn design prindafan tb"" comeback dgn konsep futuristik gni berasa terpana WWKWKWKWK",positif,suzuki design prindafan tb konsep futuristik gni asa terpana wwkwkwkwk
103,"Yaelah ev brand china & korea sdh masuk produksi seri kesekian, produsen jepang cuman pamer konsep doank ... ujung2nya dijual dgn harga yg fantastis tp fitur yg kalah jauh ama china & korea ... mensedih",negatif,yaelah ev brand china korea masuk produksi seri sekian produsen jepang pamer konsep ujung2nya jual harga fantastis fitur kalah china korea sedih
104,"Tumben Design suzuki futuristik mirip2 design mitsubishi, di otomotif design suzuki sangat membosankan jelek dan kotak",positif,tumben design suzuki futuristik mirip2 design mitsubishi otomotif design suzuki bosan jelek kotak
105,Selalu terlambat mengambil keputusan masuk indo,negatif,lambat ambil putus masuk indonesia
106,"Konsep nya bagus . Pas jadi aslinya biasanya selera prindavan or jauh dari model konsep nya... 

Jepang lama2 ketinggalan jauh dari cina ğŸ˜‚",positif,konsep nya bagus pas asli selera prindavan or model konsep nya jepang lama2 tinggal cina
107,"kalo suzuki mau produksi, harus bisa semirip mungkin dengan desain konsep ini karena orang indonesia suka sama yang desain kaya gini. tapi harga harus dibawah 500, apalagi kalo bisa 400 kecil sih bakal gokil karena mobil listrik di kelas crossover atau compact SUV itu kurleb main di harga segitu, tapi kalo bisa lebih murah dari kompetitor bakal gokil sih.
*catatan: Suzuki harus melakukan survey dan questioner ke media otomotif, customer suzuki,  dan orang umum, untuk memaksimalkan produk yang akan diproduksi.",positif,suzuki produksi mirip desain konsep orang indonesia suka desain kaya harga bawah 500 400 sih gokil mobil listrik kelas crossover compact suv kurleb main harga segitu murah kompetitor gokil sih catat suzuki survey questioner media otomotif customer suzuki orang maksimal produk produksi
108,Concept doank..ğŸ¤£ğŸ¤£,negatif,konsep
109,"Kalo dijual di indo, harus ada unsur india nya wkwkw",negatif,jual indonesia unsur india nya wkwkw
110,Vitara EV,positif,vitara ev
111,"Nanti harga brosur 100, tapi harus beli second di 200 gak nih?",negatif,harga brosur 100 beli second 200 nih
112,Harganya di goreng,negatif,harga goreng
113,"Next g usah video HDR lg dong, banyak mudhorot drpd manfaatnya",negatif,next video hdr mudhorot manfaat
114,"Padahal mobil suzuki nyaman, spek karimun aja nyaman, apa lagi yg lain",positif,mobil suzuki nyaman spek karimun nyaman
115,Hmm ... Bg HillStartAssist dari India ?,netral,hmm bg hillstartassist india
116,Kayak fronx ga sih,netral,fronx sih
117,Info mbakar-mbakar booth toyota dan membunuh massal sales-salesnya di giias 2024,negatif,informasi mbakarmbakar booth toyota bunuh massal salessalesnya giias 2024
118,"jangan pernah percaya mobil concept Suzuki, karena mereka selalu bikin mobil versi produksinya jauh lebih jelek.. so jangan berharap banyak. kecuali kalau conceptnya yg versi mass prod seperti SWIFT gen terbaru kemaren yg sebenernya mobil mass prod tapi dinamai concept",negatif,percaya mobil konsep suzuki bikin mobil versi produksi jelek harap kecuali conceptnya versi mass prod swift gen baru kemaren sebenernya mobil mass prod nama konsep
119,"wihh cakep jg ya, tahun depan beli deh",positif,wihh cakep ya beli deh
120,The next generation ğŸ˜Š,positif,the next generation
121,Ternyata Suzuki bisa buat mobil cakep ğŸ˜‚,positif,suzuki mobil cakep
122,"sukaaa modelnya, semoga bisa kebeli nanti yh",positif,sukaaa model moga beli yh
123,"Mobil konsep doang, dijuap 5-10 tahun lagi. Beda sama china, gak bikin mobil konsep konsepan. Produksi langsung jual .",negatif,mobil konsep dijuap 510 beda china bikin mobil konsep konsep produksi langsung jual
124,"mantapp suzuki, otw beli ini",positif,mantapp suzuki jalan beli
125,"udah cepet diluncurkan, daripada desainnya di contek pesaing lagi wkwk",positif,cepat luncur desain contek saing wkwk
126,pake baterai LFP atau NCM nih? kalo NCM  pasti mahal,negatif,pakai baterai lfp ncm nih ncm mahal
127,"Tolong kualitas audionya dibenahi lagi, 
Suara host nya kecel beud",negatif,tolong kualitas audio benah suara host nya capek beud
128,Apasih ini intro videonya panjang bgt,negatif,apasih intro video banget
129,"Ev pertama dari suzuki ...

Emang dari dulu suzuki slalu telat buat fomo2an ğŸ˜‚",negatif,ev suzuki emang suzuki telat fomo2an
130,rada males sama merk suzuki... dikit2 suntik mati,negatif,rada malas merk suzuki dikit2 suntik mati
131,Kebanyakan konsep ujung2nya kalah dgn produk china,negatif,banyak konsep ujung2nya kalah produk china
132,"Mobil prindapan, skip dah",negatif,mobil prindapan skip
133,"Cakep bener modelnya... kalau harganya setara dg BYD jelas ini bisa menghambat EV China di Indo.... kualitas Suzuki jelas bagus, apalagi cakep bentuknya....:face-red-heart-shape:",positif,cakep bener model harga tara byd hambat ev china indonesia kualitas suzuki bagus cakep bentuknyafaceredheartshape
134,1500 cc tranmisi at bkin produksi dah suzuki...,positif,1500 cc tranmisi at bkin produksi suzuki
135,keren sih ini,positif,keren sih
136,"Merek lain produk baru, merek ini pamerin konsep yang udah lama... cape deh...",negatif,merek produk merek pamerin konsep capek deh
137,Lebih cakep daripada design Mitsubishi,positif,cakep design mitsubishi
138,Kok format videonya ada HDR?,negatif,format video hdr
139,"D india ni mobil ""udh jadi"" n lgi d tes jln, bbrpa x ad poto ny",positif,d india ni mobil n d tes jalan x foto ny
140,"Suzuki kalo dihandle China mungkin udah keluar produk2 inovatif terbaru kali..ketinggalan amat sih Jepang, bahkan Honda aja baru aja muncul konsep EN-1 nya setelah sekian lama. Kalah ama korea udah sampe Ioniq5N...",negatif,suzuki dihandle china produk2 inovatif baru kaliketinggalan sih jepang honda muncul konsep en1 nya sekian kalah korea ioniq5n
141,cuma mitsubishi yg consep ama produksi mirip2,positif,mitsubishi consep produksi mirip2
142,"Byd udh jualan 7seater ev harga gila, ini baru konsep ğŸ«£",negatif,byd jual 7seater ev harga gila konsep
143,NGIMPI ğŸ˜ŠğŸ˜ŠğŸ˜Š,negatif,mimpi
144,"Bentar lagi kayaknya suzuki bakalan dibeli sama china

Seperti volvo",negatif,bentar kayak suzuki beli china volvo
145,"Â @whatyougetwhatyouseeÂ  Seperti inilah sepantasnya teknologi dan desain mobil masa kini.
Mobil baru yang sekarang ini dijual (khususnya mobil Jepang) adalah mobil masa lalu yang sudah sangat ketinggalan dari sisi desain dan teknologi",positif,whatyougetwhatyousee teknologi desain mobil mobil jual mobil jepang mobil tinggal sisi desain teknologi
146,"Mudah2an, dan harga nya ngo tak",positif,mudah harga nya
147,Suzuki the next generation ğŸ˜Š,positif,suzuki the next generation
148,Sekalianya keluar harganya di goreng ğŸ˜‚ğŸ˜‚ğŸ˜‚,negatif,sekalianya harga goreng
149,Masih menunggu all new ertiga dan xl7. Beli mobil kalau gak 7 seater gak afdol,positif,tunggu all new ertiga xl7 beli mobil 7 seater afdol
150,Semoga harganya membumi tidak sundul langit.,positif,moga harga bumi sundul langit
151,HDR bikin plain warnanya di mayoritas HP bang...,negatif,hdr bikin plain warna mayoritas hp bang
152,Kek bkn Suzuki aja... Biasa belakang nya jelek bgt... Ini gw suka,positif,suzuki nya jelek banget suka
153,"Suzuki baik motor maupun mobil biasanya hanya bagus di konsep.
Begitu produk beneran.....ğŸ˜Š",positif,suzuki motor mobil bagus konsep produk beneran
154,Hadeh masih konsep.,negatif,hadeh konsep
155,"Mirip muka ikan lohan, mantap ini. Serasa melihat ikan purba.",positif,muka ikan loh mantap serasa ikan purba
156,Inilah kenapa Suzuki dan Honda terpaksa stop produksinya di Thailand yg lagi demam EV. Merk lain udah banyak yg jualan EV ini masih pamerin konsep EV.,negatif,suzuki honda paksa stop produksi thailand demam ev merk jual ev pamerin konsep ev
157,wow interior nya keren. 400jt deh biar aku bisa beli :hand-pink-waving:,positif,wow interior nya keren 400jt deh biar beli handpinkwaving
158,paling klo final produknya full chrome lagi ala prindavan...oh nehii..,negatif,final produk full chrome ala prindavanoh nehii
159,mnding jdiin bensin aja. blom cocok ev,negatif,mending jdiin bensin cocok ev
160,"Yang lain udah jualan ini masih pamer konsep ğŸ˜‚ oiya ini kan pameran, ya bener pamer aja gak jualan ğŸ˜Š",negatif,jual pamer konsep oiya pamer ya bener pamer jual
161,"suzuki asli jepang sih bagus. tapi suzuki itu kek lebih menghargai negara yang akan dia produksi massal.
dalam artian lebih ke UKM di negara lokal ( bukan build Japan).


mirip kek malaysia lah.
apapun merek kendaraan masuk wilayah malaysia harus ganti namanya PERODUA.
alhasil akan banyak rombakan modifikasi yang tentunya berbeda dengan produksi dari kendaraan luar yang kita ketahui secara garis besar. Makanya xenia-avanza di malaysia koq lebih berkarakter dibanding dengan indonesia.


lucunya lagi karena cost kirim kendaraan dari jepang mungkin mahal ke indonesia, maka di kirim dari india yang selera india banget ke indonesia guna mengurangi biaya pengiriman part2 kendaraan dari jepang.
Seperti Suzuki esspreso yang kek gak selera banget untuk indonesia. Tapi koq suzuki tetap pede aja ya ?heran.


ya semoga bisa lebih mengerti selera indonesia aja sih.
sama perbanyakin dong bengkel suzuki khususnya motor. kami dari bogor kesulitan servis resmi motornya. Mana yang servis umum katanya ahli eh malah main tarik kabel temperatur mesin.",positif,suzuki asli jepang sih bagus suzuki harga negara produksi massal arti ukm negara lokal build jepang malaysia apa merek kendara masuk wilayah malaysia ganti nama perodua alhasil rombak modifikasi beda produksi kendara tahu garis xeniaavanza malaysia koq karakter banding indonesia lucu ongkos kirim kendara jepang mahal indonesia kirim india selera india banget indonesia kurang biaya kirim part2 kendara jepang suzuki esspreso selera banget indonesia koq suzuki pede ya heran ya moga erti selera indonesia sih perbanyakin bengkel suzuki motor bogor sulit servis resmi motor servis ahli eh main tarik kabel temperatur mesin
162,"Ku suka mobil Suzuki EV, keren..",positif,ku suka mobil suzuki ev keren
163,tumben banget mobil konsep boleh dipegang + bisa liat dalamnya,positif,tumben banget mobil konsep pegang lihat dalam
164,masih konsep bae smpe nnt suzukiny kbru bangkrut ğŸ˜”,negatif,konsep bae suzukiny kbru bangkrut
165,Dalam sejarahnya mobil konsep suzuki selalu jauh dari yg dijual...,negatif,sejarah mobil konsep suzuki jual
166,Keren coooo,positif,keren coooo
167,mitsubishi xforce electric,netral,mitsubishi xforce electric
168,NGIMPI ğŸ˜ŠğŸ˜ŠğŸ˜Š,netral,mimpi
169,Mksdnya ngimpi gmn nih Â @djinggo2296Â  ? Lu ngimpi basah?ğŸ¤£ğŸ¤£ğŸ¤£,netral,maksud mimpi nih djinggo2296 mimpi basah
170,"wkwk stuju, kyknya anak2 gua jg anteng sih kalo dibawa pake ini bisa liat keatas mulu hehe",positif,wkwk tuju anak2 anteng sih bawa pakai lihat atas mulu hehe
171,Goodlah fast Charging...,positif,goodlah fast charging
172,"jangan lupa interior nya kak, stylish dan mevvah banget itu",positif,lupa interior nya kak stylish mevvah banget
173,"Mudah2an, soalnya mobil listrik pasti Mahal",positif,mudah mobil listrik mahal
174,Dari Panjangnya Bakal Lawan Hyundai Kona Yg lama terus ada Honda EN1 aka HRV EV terus ada MG ZS EV ada lagi BYD ATTO 3 dan Omoda 5eV,netral,panjang lawan hyundai kona honda en1 aka hrv ev mg zs ev byd atto 3 omoda 5ev
175,Paling lawannya jetli,netral,lawan jetli
176,Â @muhammadadityabudiman8036Â  eh kan kona yang baru udah keluar kan,netral,muhammadadityabudiman8036 eh kona
177,"Yang laen dah jual 11.000 unit baru mau keluarin 2025 ğŸ˜…ğŸ˜… emang kocak lu Suzuki.. Bukan pelopor tapi cuma ekor... 
Pantes motor lu ga begitu laku, selain cuma pengekor tapi model nya kocak bukan selera kebanyakan orang Indonesia.. Orang mah minimal riset.. Yang paling laku di Indonesia apa jiplak aja dlu..",negatif,jual 11000 unit keluar 2025 emang kocak suzuki pelopor ekor motor laku ekor model nya kocak selera banyak orang indonesia orang mah minimal riset laku indonesia jiplak
178,Mobil suzuki rangka kerupuk yang tidak aman yang mengancam nyawa keluarga anda.,negatif,mobil suzuki rangka kerupuk aman ancam nyawa keluarga
179,Logo S  nya terkesan jadul,negatif,logo s nya kes jaman
180,Yah masih konsep. Jauh ketinggalan sama mobil China saat ini.,negatif,yah konsep tinggal mobil china
181,"Suzuki Japan memang oke, siap gilas ev yg lain. Suzuki bisa paling murah dibanding semua EV. Apalagi jika sudah muncul versi  EV LCGC.....mantab...",positif,suzuki jepang oke gilas ev suzuki murah banding ev muncul versi ev lcgcmantab
182,cukup menghalangi pandangan layarnya....,negatif,halang pandang layar
183,Kapan Indonesia punya produk sendiri?,netral,indonesia produk
184,Yakin mau untung tipis,positif,untung tipis
185,Yg bensin nya aja belum kebeli...,netral,bensin nya beli
186,semua ev akan BYD pada waktunya,netral,ev byd
187,"salfok sama aditornya carmudi! keren editannya 
:face-blue-wide-eyes:",positif,salfok aditornya carmudi keren edit facebluewideeyes
188,Suzuki klo mobil totalitas banget,positif,suzuki mobil totalitas banget
189,interiorny,netral,interiorny
190,Kalau kerenmungkin bisa jd list selanjutnya. Asal g lebih mahal dr mobil china,positif,kerenmungkin daftar mahal mobil china
191,Ntar kalau laku harga nya dinaikin sales nya sendri ğŸ¤£,negatif,laku harga nya dinaikin sales nya sendri
192,"Terjangkau sepertinya tapi hanya kalau dibandingkan IONIQ bang.... Tapi saya yakin harganya bakalan di atas 400 juta kalau udah dijual di Indonesia.. kemungkinan besar head to head sama mocin EV-nya Cherry yaitu Omoda EV.. ğŸ˜… tapi setidaknya ada kemungkinan masuk ke level pembeli yang ""takut atau ragu beli EV china tapi budget gak sampe beli merek korea"" ğŸ˜…ğŸ˜ğŸ˜ğŸ™",positif,jangkau banding ioniq bang harga 400 juta jual indonesia head head mocin evnya cherry omoda ev masuk level beli takut ragu beli ev china budget beli merek korea
193,brand jepang tapi ttap build quality beti dengan china,negatif,brand jepang build kualitas beti china
194,"ah males, klo cuman 2 baris doang.. enakan 3 baris kyk BYD M6",negatif,ah malas 2 baris enak 3 baris byd m6
195,"Cirikhas Carmudi Indonesia, kalau bikinm judul konten provokatif......",negatif,cirikhas carmudi indonesia bikinm judul konten provokatif
196,masuk indonesia kah?,netral,masuk indonesia kah
197,"suzuki baru kemarin dijepang, update mesin dengan thermal efficiecy 40% ditambah 48V murni (bukan 12v to 48v alias MHEV), hybrid , dan juga BEV platform.
honda itu yang agak aneh emang strateginya yah bakal gini2 aja kalo CEOnya tetap karena terlalu ""main aman""",negatif,suzuki kemarin dijepang update mesin thermal efficiecy 40 tambah 48v murni 12v 48v alias mhev hybrid bev platform honda aneh emang strategi yah gini2 ceonya main aman
198,"kan ada kata2, lebih baik terlambat dari pada tidak sama sekali.",positif,kata lambat
199,"â€‹Â @seogabonotjah6555Â  Iyalah main aman, mana ada pabrikkan tolol berani bakar uang melihat kondisi negaranya ga baik-baik aja, yen anjlok, dan angka populasi yang menurun disana, mempengaruhi jumlah sdm berkualitas dijepang semakin menipis, kalo misalkan Jepang masih sama sekarang kaya diera 60-70an... dan negara kaya sumber daya alam/sdm mungkin Jepang bisa sangat mudah membalas china, tapi nyatanya sekarang kondisinya udah berubah mau ga mau perusahaan jepang hanya bisa bertahan ditengah krisis melanda dinegaranya...",negatif,seogabonotjah6555 iya main aman pabrik tolol berani bakar uang kondisi negara baikbaik yen anjlok angka populasi turun sana pengaruh sdm kualitas dijepang tip jepang kaya era 6070an negara kaya sumber daya alamsdm jepang mudah balas china kondisi ubah usaha jepang tahan tengah krisis landa negara
200,"Jepang ragu, mobil ev diramalkan tidak akan bertahan lama karena sudah mulai ada mobil hidrogen yg lebih efisien dan BBM melimpah.",negatif,jepang ragu mobil ev ramal tahan mobil hidrogen efisien bbm limpah
201,palingan 1Man,netral,paling 1man
202,Ternyata masih konsep,negatif,konsep
203,Konsap konsep konsap konsep... kalo masih bikinan prindavan siapÂ² gk laku lagi dan lagi... versi konsep dan versi rilis sering kali beda 180Â° kalo prindavan yg bikinğŸ˜‚ğŸ˜‚ğŸ˜‚ğŸ˜‚ğŸ˜‚ğŸ˜‚ğŸ˜‚,negatif,konsap konsep konsap konsep bikin prindavan laku versi konsep versi rilis kali beda 180 prindavan bikin
204,"Produk china semakin kesini semakin baik, kualitas top harga bersahabat.",positif,produk china kesini kualitas top harga sahabat
205,Tumben suzuki desainnya bagus..yahh walaupun masih konsep.,positif,tumben suzuki desain bagusyahh konsep
206,"8:28 ""Terjangkau bagi standar brand Jepang"" ğŸ—¿",positif,828 jangkau standar brand jepang
207,"mestinya pakai transmisi at 4 speed supaya mesin lebih kecil, baterai lebih ringan, jarak tempuh tetap jauh.",positif,mesti pakai transmisi at 4 speed mesin baterai ringan jarak tempuh
208,Mending keluarin Suzuki Fronx,positif,mending keluar suzuki fronx
209,"lah itu layar dashboardnya aja nutupin kaca depan, mmg sih masih konsep",negatif,layar dashboardnya nutupin kaca sih konsep
210,Ignis crosğŸ‰,positif,ignis cros
211,Ini beberapa harga om? 1:38,netral,harga om 138
212,"Kelamaan, mobil Tiongkok udah banjir di sini, ini masih konsep2 aja. Padahal Toyota udah mulai produksi dari kemarin2",negatif,mobil tiongkok banjir konsep2 toyota produksi kemarin2
213,Bukan mpv ya.. mn bisa lawan m6 bydğŸ˜‚,negatif,mpv ya lawan m6 byd
214,"Pesan pertama buat SUZUKI, kalau memang mobil ini mau di jual di Indonesia, siapkan atau tersediakan spare partnya! Jangan kayak Hybridnya, beli Aki buat Hybrid aja perlu indent 2 - 3 bulan buset deh!",negatif,pesan suzuki mobil jual indonesia siap sedia spare partnya hybridnya beli aki hybrid indent 2 3 buset deh
215,04:29 susah banget buka pintunya,negatif,0429 susah banget buka pintu
216,Yang pasti selama infrastruktur dan ekosistem ev di Indonesia belum berkembang belum menarik untuk menggunakan ev sebagai daily driver kecuali buat mereka yang fomo dan punya duit lebih,positif,infrastruktur ekosistem ev indonesia kembang tarik ev daily driver kecuali fomo duit
217,"langsung ke 7 seater aja.. ev tembus 600km tapi harga di 350-450jt, dijamin laris krn bisa dipakai mudik.",positif,langsung 7 seater ev tembus 600km harga 350450jt jamin laris pakai mudik
218,"Iterior boleh berubah tapi eksterior jangan. EVX sudah lumayan dapat perhatian karena designnya cukup menarik. Masalah harga, silahkan komparasi dengan mobil produk China yang setera.",positif,iterior ubah eksterior evx lumayan perhati designnya tarik harga silah komparasi mobil produk china tera
219,"Toyota aja gagal di EV, apalagi pabrikan kecil macam Suzuki. Dulu model Suzuki itu bagus, sempat punya Swift juga. Brand new di tahun 2006. Desain Eropa. Swift yang sekarang, astaga. My next EV will be Chinese Inshallah. BYD Seal.",negatif,toyota gagal ev pabrikan suzuki model suzuki bagus swift brand new 2006 desain eropa swift astaga my next ev will be chinese inshallah byd seal
220,bused bantai ?? kata2nya min walah,netral,bused bantai kata min walah
221,"Nanya sendiri, jawab sendiri bang ğŸ˜¢",netral,bang
222,Â @AANJAY_Â  anjaaayyyyyy terus gimana dong takut di hujat,netral,aanjay anjaaayyyyyy takut hujat
223,nanti sampai kampung repot nge charge dimana,negatif,kampung repot nge charge mana
224,Byd m6,netral,byd m6
225,orang2 uda pada jualan dia masi bikin konsep...definisi ketinggalan yang sesungguhnya:face-blue-smiling:,negatif,orang2 jual bikin konsepdefinisi tinggal sesungguhnyafacebluesmiling
226,"brand jepang terlalu banyak concept yang hanya jadi arena pameran, ujung-ujungnya  gak akan dijual di indo. adapun dijual di indo pasti banyak disunat terkait fitur dan bahannya. resiko pasar indo dianak tirikan, giliran brand china masuk dan brand korea mulai berbenah baik akhirnya brand jepang mulai kelimpungan.",negatif,brand jepang konsep arena pamer ujungujungnya jual indonesia jual indonesia sunat kait fitur bahan resiko pasar indonesia anak tiri gilir brand china masuk brand korea benah brand jepang kelimpungan
227,konsepnya suzuki ama kenyataannya bedanya ya bisa dilihat sendiri lah dari produk2 sebelumnya..,negatif,konsep suzuki nyata beda ya produk2
228,Bocoran dari lampunya aja dari keliatan aneh,negatif,bocor lampu aneh
229,Yakin banget versi mass produknya pasti jauh dari konsep ğŸ˜‚ğŸ˜‚ğŸ˜‚,negatif,banget versi mass produk konsep
230,"Kenapa ga langsung pamerin yang versi Mass Pro nya aja, penggemar suzuki kayak nya emang sudah menunggu produk suzuki yang beda dari versi yang dijual sekarang, seperti ertiga xl 7 grand vitara dengan mesin yang sama.",positif,langsung pamerin versi mass pro nya gemar suzuki nya emang tunggu produk suzuki beda versi jual ertiga xl 7 grand vitara mesin
231,"Ya hargai lah, meski concept india.. semoga enggak jad ekspresoo wkwkwkw",positif,ya harga konsep india moga jad ekspresoo wkwkwkw
232,Maruti ya yang bikin? tapi kalo liat bentuk konsepnya sih lumayan,positif,marut ya bikin lihat bentuk konsep sih lumayan
233,Kecil ?,netral,
234,"Â @ANTI_LGBTQ_5Â  Yup, Mazda, Suzuki, dan Subaru terbilang kecil dibandingkan pabrikan Jepang lain semacam Toyota dan Honda. Ingat Suzuki Kizashi? Satu satunya Suzuki punya mid size sedan. Itu pun disuntik mati. Padahal bagus banget!!! Lihat reviewnya. Sampai sekarang mereka ngga punya model di mid size sedan, apalagi di flagship.",negatif,antilgbtq5 yup mazda suzuki subaru bilang banding pabrikan jepang toyota honda suzuki kizashi satu suzuki mid size sedan suntik mati bagus banget lihat reviewnya model mid size sedan flagship
235,"Tidak dipungkiri, culture korporasi Jepang itu korup banget
Beda 180 derajat dari kulture masyarakatnya",negatif,dipungkiri culture korporasi jepang korup banget beda 180 derajat kulture masyarakat
236,Pasti kemahalan harganya,negatif,mahal harga
237,Masih mending beli Neta v ll,negatif,mending beli neta v ll
238,"Karena hal itu jg baru bisa membuat brand jepang ini lbh serius di pasar Indo,selama ini mereka anggap remeh mulu di Indonesia,dpt yg versi disunat semua nya",negatif,brand jepang serius pasar indoselama anggap remeh mulu indonesiadpt versi sunat nya
239,Â @MrAdhiSuryanaÂ  tiati bang diserang pemuja negara tersebut ....,negatif,mradhisuryana tiati bang serang puja negara
240,Jadi inget Nokia sama blackberry,netral,nokia blackberry
241,"Â @YakubNgÂ  Fakta, kalau nggak toxic culture mana ada mantan perdana menteri sampai dibunuh warga sipil. Kecuali ada sesuatu yang disembunyikan",negatif,yakubng fakta toxic culture mantan perdana menteri bunuh warga sipil kecuali sembunyi
242,"Iya emang kalo ada ente mau beli? pabrikan jepang juga mikiran cost jual juga biar untung juga, jangan jauh-jauh liat cerry banyak mobil kotor lumutan didepan dealernya ga laku?",positif,iya emang ente beli pabrikan jepang suka berfikir ongkos jual biar untung jauhjauh lihat cerry mobil kotor lumut depan dealernya laku
243,"â€‹Â @MrAdhiSuryanaÂ  Tapi ente lupa, Jepang itu bukan negara kaya akan sumber daya alam, mereka butuh bahan baku dari china juga..",netral,mradhisuryana ente lupa jepang negara kaya sumber daya alam butuh bahan baku china
244,"â€‹Â @AbdulLatif-m8xÂ Ketika orang dari negara terbelakang pemuja prabowo gibran bilang ""Pasti kemahalan"" lo tau ga si brow2 jEpang jangan disamain sama ChiNa Tolol, mereka itu dari dulu negaranya miskin sumber daya alam, gak kaya china kaya akan sumber daya alam buat kendaraan, banyak jepang ngambil bahan baku dari china, dan sekarang regulasi dirubah sama china, dan jepang mahal juga modalnya, logika aja mana ada perusahaan ga untung demi menurut kemauan konsumen miskin minta mobil murah spek sultan... otak dipake sdm rendah",negatif,abdullatifm8x orang negara belakang puja prabowo gibran bilang mahal tau si brow2 jepang disamain china tolol negara miskin sumber daya alam kaya china kaya sumber daya alam kendara jepang ambil bahan baku china regulasi rubah china jepang mahal modal logika usaha untung mau konsumen miskin mobil murah spek sultan otak pakai sdm rendah
245,"Jika Suzuki siap membantai mobil China, maka siap turun harga seharga mobil China",positif,suzuki bantai mobil china turun harga harga mobil china
246,"Ngeri mobilnya ,wah banget ,gak cocok di saya ,saya hanya tukang baso kelililng",positif,ngeri mobil banget cocok tukang baso kelililng
247,mobil konsep sijuki keren2 tp pas masuk produksi juelekğŸ˜‚ğŸ¤£,negatif,mobil konsep sijuki keren2 pas masuk produksi juelek
248,"Intinya tunggu aja, beneran kaya gini apa engga ğŸ˜‚",positif,inti tunggu beneran kaya
249,Hahaha gak akan terealisasiğŸ˜…,negatif,hahaha realisasi
250,"Keren,manteeebbb,
Yg norak cuma Velgnya",positif,kerenmanteeebbb norak velgnya
251,ğŸ‘,positif,
252,sizuki mimpi aja lah. selama kiblatnya ke india,negatif,sizuki mimpi kiblat india
253,3:06,netral,306
254,Suzuki klo mobil nya laris dihadang ama salesnya dengan menaikan harga... TRAGEDI JIMNY,negatif,suzuki mobil nya laris dihadang salesnya naik harga tragedi jimny
255,N...I...C....E.....!!!!!!!!!,positif,nice
256,Mobil suzuki ev konsep akan siap melibas mobil2 ev China yg sudah berulangkali diupgrade.?,positif,mobil suzuki ev konsep libas mobil2 ev china berulangkali diupgrade
257,hmm.,netral,hmm
258,"Suzuki itu klo mobil konsepnya cakep bner, tpi klo udh kluar biasanya selera prindavan ğŸ˜­",positif,suzuki mobil konsep cakep selera prindavan
259,Next tukar tambah sama xl 7,positif,next tukar xl 7
260,Om bahas jetour x70 plus,netral,om bahas jetour x70 plus
261,"sayang masih konsep, mobil cina sdh banjir...",negatif,sayang konsep mobil cina banjir
262,Ahh baru concept rilisnya jauhğŸ˜‚ğŸ˜‚ğŸ˜‚,negatif,ahh konsep rilis
263,Headunit nya ganggu pandangan banget seperti nya,negatif,headunit nya ganggu pandang banget nya
264,Kayaknya ini bukan bikinan Suzuki India deh..,positif,kayak bikin suzuki india deh
265,maklum indo pajaknya besar bang untuk unit import,netral,maklum indonesia pajak bang unit import
266,iya karena pemerintah kita tau sendiri kan condong ke negara mana sekarang ğŸ˜…,netral,iya perintah tau condong negara
